;test1.txt;test2.txt;test3.txt;test4.txt
aap;0.0;0.0;0.0;0.0
noot;1.0;1.0;0.0;0.0
mies;0.4150374992788437;0.0;0.8300749985576874;0.4150374992788437
wim;0.0;0.0;0.0;2.0
