;test1.txt;test2.txt;test3.txt;test4.txt
aap;0.0;0.0;0.0;0.0
noot;1.0;1.0;0.0;0.0
mie;0.4150374992788437;0.0;0.8300749985576874;0.4150374992788437
merk;2.0;0.0;0.0;0.0
